rater_id,imc_pass,preferences,involvement,nutrition_knowledge,english_skill,match_score,prefs_satisfied,fallback_used,dialog_id,recipe_title,recipe_type,condition,true_fat_g,true_carb_g,true_kcal,pre_diet_suitability,pre_recipe_stars,pre_cook_intent,pre_save_intent,pre_est_fat_g,pre_est_carb_g,pre_est_kcal,pre_comment,dialog_duration_sec,min_time_ok_dialog,post_diet_suitability,post_recipe_stars,post_cook_intent,post_save_intent,post_est_fat_g,post_est_carb_g,post_est_kcal,abs_err_fat_post,abs_err_carb_post,abs_err_kcal_post,nutrient_outlier_flag,dq_clarity,dq_relevance,dq_respect,dq_logic,dq_coherence,dq_mean,manip_check,post_comment,llm_median_clarity,llm_median_relevance,llm_median_truthfulness,llm_median_logic_coherence,llm_median_respect_appreciation,llm_median_relational_appropriateness,llm_median_feedback_depth,llm_median_overall_quality,n_runs,median_valid
P001,1,savory|lower-calorie,6,5,7,2,savory|lower-calorie,0,D034,Au Gratin-Pumpkin Layered Casserole,savory,good,6.68238,4.81959,106.0,6.0,3.0,2.0,1.0,20.0,70.0,250.0,"The Numbers are maybe very helpful- I know whats healthy and im cooking by that, Not by counting calories, fat or carbohydrates - Therefore I really habe no Expertise in that, sorry",62.54706645011902,1,5.0,3.0,2.0,1.0,25.0,70.0,250.0,18.31762,65.18041,144.0,0,2.0,4.0,2.0,7.0,4.0,3.8,3.0,I thought they repeated themselves a few times; this was Irritating.,6.0,6.0,6.0,5.0,7.0,7.0,6.0,6.0,3.0,1.0
P002,1,lower-calorie|savory|lower-fat,6,4,6,3,lower-calorie|savory|lower-fat,0,D069,Turkey Tom Kha Gai,savory,bad,4.22722,2.07403,70.0,1.0,4.0,2.0,1.0,36.0,15.0,543.0,"i don't eat meat, making the recipe not really suitable or something i'd cook but it sounds good and simple to prepare",38.20583581924439,1,1.0,4.0,2.0,1.0,36.0,25.0,543.0,31.77278,22.92597,473.0,0,5.0,5.0,3.0,1.0,1.0,3.0,1.0,,2.0,2.0,4.0,2.0,1.0,1.0,1.0,1.0,3.0,1.0
P003,1,savory,4,3,6,1,savory,0,D033,Mock Caprese Salad,savory,good,0.117039,5.14971,47.0,5.0,2.0,3.0,2.0,3.0,50.0,100.0,"I‘ve never looked up the ingredients in food, like how much calories or sugar a product contains",124.87565755844116,1,5.0,3.0,4.0,3.0,1.0,50.0,150.0,0.882961,44.85029,103.0,0,5.0,6.0,6.0,7.0,7.0,6.2,6.0,,6.0,6.0,6.0,5.0,6.0,6.0,6.0,6.0,3.0,1.0
P005,1,savory|lower-carb,6,5,7,2,savory|lower-carb,0,D035,Minted Marinated Zucchini,savory,good,5.97775,3.26059,65.0,5.0,4.0,6.0,2.0,,,100.0,,71.41843032836914,1,7.0,5.0,7.0,6.0,,,,,,,0,6.0,7.0,6.0,7.0,6.0,6.4,7.0,,6.0,6.0,6.0,5.0,7.0,7.0,6.0,6.0,3.0,1.0
P006,1,savory,5,4,6,1,savory,0,D065,Minted Marinated Zucchini,savory,bad,5.97775,3.26059,65.0,6.0,3.0,6.0,4.0,3.0,5.0,80.0,,83.69133877754211,1,5.0,3.0,5.0,5.0,10.0,7.0,120.0,4.02225,3.73941,55.0,0,5.0,3.0,3.0,1.0,1.0,2.6,2.0,,2.0,3.0,2.0,2.0,1.0,1.0,2.0,1.0,3.0,1.0
P007,1,savory|sweet,5,4,7,1,savory,0,D059,That Addicting Salad,savory,bad,27.84,6.82667,304.0,7.0,5.0,7.0,7.0,55.0,120.0,690.0,,30.20825147628784,1,4.0,5.0,7.0,7.0,55.0,250.0,690.0,27.16,243.17333,386.0,0,4.0,6.0,5.0,4.0,4.0,4.6,4.0,,1.0,2.0,3.0,1.0,1.0,1.0,1.0,1.0,3.0,1.0
P008,1,lower-calorie,4,5,5,0,,0,D026,White Chocolate and Passion Fruit Cheesecake,sweet,good,24.3086,22.4598,325.0,2.0,2.0,2.0,1.0,25.0,70.0,240.0,,79.27357006072998,1,2.0,2.0,1.0,1.0,25.0,80.0,250.0,0.6914000000000016,57.5402,75.0,0,5.0,6.0,5.0,6.0,6.0,5.6,5.0,,6.0,6.0,6.0,5.0,7.0,7.0,6.0,6.0,3.0,1.0
P009,1,savory,6,5,7,1,savory,0,D033,Mock Caprese Salad,savory,good,0.117039,5.14971,47.0,3.0,3.0,2.0,1.0,15.0,45.0,250.0,"Very hard to estimate, because there are no amounts givin, like how many grams is one serving?",88.29244542121887,1,3.0,3.0,2.0,1.0,15.0,45.0,250.0,14.882961,39.85029,203.0,0,4.0,3.0,3.0,6.0,4.0,4.0,3.0,,6.0,6.0,6.0,5.0,6.0,6.0,6.0,6.0,3.0,1.0
P010,1,sweet,1,1,6,1,sweet,0,D009,Whole Grain Barley and Apple Porridge,sweet,good,3.92033,10.4542,79.0,4.0,4.0,4.0,3.0,10.0,8.0,70.0,,74.25098133087158,1,4.0,3.0,3.0,4.0,10.0,6.0,50.0,6.07967,4.4542,29.0,0,6.0,5.0,6.0,7.0,7.0,6.2,6.0,,6.0,6.0,6.0,5.0,6.0,6.0,5.0,6.0,3.0,1.0
P011,1,sweet|lower-fat,2,2,6,2,sweet|lower-fat,0,D077,Apple Pie Filling,sweet,bad,0.0701201,23.4201,90.0,4.0,4.0,1.0,1.0,15.0,25.0,30.0,I know nothing and I am very bad at estimating this.,28.580070734024048,1,4.0,4.0,1.0,1.0,15.0,25.0,30.0,14.9298799,1.5798999999999983,60.0,0,4.0,3.0,4.0,3.0,2.0,3.2,3.0,Seems toxic,1.0,2.0,3.0,1.0,1.0,1.0,1.0,1.0,3.0,1.0
P012,1,lower-carb|savory,4,5,7,2,lower-carb|savory,0,D035,Minted Marinated Zucchini,savory,good,5.97775,3.26059,65.0,6.0,5.0,6.0,7.0,12.0,10.0,120.0,,55.83754754066467,1,7.0,5.0,7.0,7.0,10.0,8.0,100.0,4.02225,4.73941,35.0,0,6.0,6.0,7.0,7.0,7.0,6.6,7.0,,6.0,6.0,6.0,5.0,7.0,7.0,6.0,6.0,3.0,1.0
P014,1,savory,4,3,5,1,savory,0,D060,Carrot Casserole,savory,bad,11.252,10.5659,151.0,3.0,2.0,1.0,1.0,0.0,0.0,0.0,"I don't see the calories and fat content in the recipe card. Just ingredients and directions.
I'm not interested in them, either",66.9480447769165,1,3.0,1.0,1.0,1.0,,,,,,,0,5.0,1.0,5.0,1.0,1.0,2.6,1.0,"What is this all about? I must laugh, because IT makes really no sense.I would never cook a carrot cheese cream soup in this way.:-))) No prepared celery soup, no oven, I would do it all in one pot, saute onion, saute carrots, add the other ingredients except croutons, simmer it, puree it, serve with croutons, done.",1.0,2.0,2.0,1.0,1.0,1.0,1.0,1.0,3.0,1.0
P015,1,sweet|lower-calorie|savory,6,5,7,2,lower-calorie|savory,0,D024,Turkey Tom Kha Gai,savory,good,4.22722,2.07403,70.0,7.0,5.0,7.0,7.0,8.0,5.0,150.0,,31.89886355400085,1,6.0,4.0,6.0,7.0,10.0,10.0,180.0,5.77278,7.925969999999999,110.0,0,5.0,6.0,5.0,6.0,5.0,5.4,5.0,,6.0,6.0,6.0,5.0,6.0,6.0,5.0,6.0,3.0,1.0
P016,1,lower-fat|lower-carb|lower-calorie|sweet|savory,6,6,4,4,lower-fat|lower-carb|lower-calorie|savory,0,D024,Turkey Tom Kha Gai,savory,good,4.22722,2.07403,70.0,6.0,3.0,2.0,4.0,,,,,521.1556391716003,1,6.0,3.0,2.0,4.0,,,,,,,0,6.0,7.0,6.0,7.0,7.0,6.6,7.0,,6.0,6.0,6.0,5.0,6.0,6.0,5.0,6.0,3.0,1.0
P017,1,sweet|savory|lower-carb,5,5,6,2,sweet|lower-carb,0,D009,Whole Grain Barley and Apple Porridge,sweet,good,3.92033,10.4542,79.0,6.0,4.0,3.0,3.0,0.0,0.0,0.0,I will not answer this as I don’t have any knowledge about this so ku answer would be completely irrelevant,100.89856910705566,1,5.0,4.0,3.0,3.0,0.0,0.0,0.0,3.92033,10.4542,79.0,0,3.0,7.0,5.0,7.0,5.0,5.4,5.0,,6.0,6.0,6.0,5.0,6.0,6.0,5.0,6.0,3.0,1.0
P019,1,lower-fat|savory|sweet,4,4,5,2,lower-fat|sweet,0,D009,Whole Grain Barley and Apple Porridge,sweet,good,3.92033,10.4542,79.0,6.0,4.0,6.0,6.0,10.0,100.0,250.0,,183.50055980682373,1,4.0,4.0,5.0,5.0,10.0,100.0,250.0,6.07967,89.5458,171.0,0,6.0,6.0,6.0,6.0,6.0,6.0,6.0,,6.0,6.0,6.0,5.0,6.0,6.0,5.0,6.0,3.0,1.0
P020,1,lower-calorie|sweet|savory|lower-fat,4,5,7,1,sweet,0,D014,Mom's Margarine Cake,sweet,good,17.273,50.1177,371.0,3.0,3.0,2.0,3.0,40.0,50.0,250.0,,64.11757612228394,1,4.0,4.0,4.0,5.0,30.0,30.0,200.0,12.727,20.1177,171.0,0,5.0,5.0,6.0,7.0,6.0,5.8,6.0,,6.0,6.0,6.0,6.0,7.0,7.0,6.0,6.0,3.0,1.0
P022,1,lower-carb|lower-calorie|sweet|savory,6,7,7,2,lower-carb|savory,0,D018,That Addicting Salad,savory,good,27.84,6.82667,304.0,7.0,5.0,6.0,7.0,50.0,30.0,190.0,,52.211045026779175,1,7.0,5.0,7.0,7.0,55.0,30.0,200.0,27.16,23.17333,104.0,0,7.0,6.0,5.0,7.0,6.0,6.2,6.0,,6.0,6.0,6.0,6.0,7.0,7.0,6.0,6.0,3.0,1.0
P023,1,savory|sweet,3,6,6,1,sweet,0,D048,Red Bliss Potato Salad with Gorgonzola and Walnuts,sweet,bad,7.24339,14.596,132.0,5.0,2.0,2.0,2.0,50.0,100.0,400.0,,29.42881202697754,1,4.0,2.0,2.0,2.0,40.0,100.0,400.0,32.75661,85.404,268.0,0,4.0,2.0,2.0,3.0,3.0,2.8,2.0,,2.0,3.0,2.0,2.0,1.0,1.0,2.0,1.0,3.0,1.0
P024,1,lower-fat|lower-calorie,4,3,5,1,lower-fat,0,D072,Layered Mousse Bites,sweet,bad,2.40937,19.3753,108.0,3.0,4.0,2.0,2.0,5.0,3.0,35.0,,56.335158824920654,1,3.0,2.0,2.0,2.0,6.0,10.0,40.0,3.59063,9.3753,68.0,0,6.0,5.0,6.0,3.0,4.0,4.8,3.0,,2.0,3.0,2.0,1.0,1.0,1.0,1.0,1.0,3.0,1.0
P025,1,sweet|lower-calorie|lower-carb|lower-fat,5,4,7,1,sweet,0,D007,Red Bliss Potato Salad with Gorgonzola and Walnuts,sweet,good,7.24339,14.596,132.0,3.0,5.0,4.0,5.0,28.0,45.0,130.0,,62.05270433425903,1,4.0,5.0,6.0,6.0,20.0,30.0,100.0,12.75661,15.404,32.0,0,7.0,6.0,6.0,7.0,6.0,6.4,6.0,,7.0,7.0,7.0,6.0,7.0,7.0,6.0,7.0,3.0,1.0
P026,1,savory|sweet,6,2,6,1,sweet,0,D007,Red Bliss Potato Salad with Gorgonzola and Walnuts,sweet,good,7.24339,14.596,132.0,6.0,5.0,1.0,3.0,200.0,300.0,800.0,I'm not competent enough to estimate the numbers. I just like food 🥲,242.20601272583008,1,6.0,5.0,2.0,3.0,100.0,400.0,800.0,92.75661,385.404,668.0,0,3.0,4.0,7.0,7.0,5.0,5.2,7.0,,7.0,7.0,7.0,6.0,7.0,7.0,6.0,7.0,3.0,1.0
P027,1,lower-carb|sweet|savory|lower-calorie,5,3,7,1,sweet,0,D048,Red Bliss Potato Salad with Gorgonzola and Walnuts,sweet,bad,7.24339,14.596,132.0,6.0,5.0,6.0,7.0,30.0,25.0,200.0,,65.81892204284668,1,3.0,2.0,3.0,4.0,40.0,60.0,300.0,32.75661,45.404,168.0,0,3.0,1.0,3.0,2.0,1.0,2.0,2.0,,2.0,3.0,2.0,2.0,1.0,1.0,2.0,1.0,3.0,1.0
P028,1,sweet|savory,4,4,6,1,savory,0,D037,Carrot and Sweet Potato Tzimmes,savory,good,0.223501,20.6962,83.0,6.0,4.0,4.0,4.0,11.0,30.0,200.0,,92.93311524391174,1,4.0,4.0,4.0,4.0,9.0,35.0,120.0,8.776499,14.3038,37.0,0,6.0,5.0,6.0,7.0,7.0,6.2,6.0,,6.0,6.0,6.0,5.0,7.0,7.0,6.0,6.0,3.0,1.0
P029,1,savory|lower-fat,5,6,7,0,,0,D055,Mom's Margarine Cake,sweet,bad,17.273,50.1177,371.0,4.0,3.0,2.0,3.0,25.0,40.0,160.0,,39.450865745544434,1,2.0,2.0,1.0,2.0,50.0,30.0,200.0,32.727000000000004,20.1177,171.0,0,4.0,3.0,3.0,2.0,1.0,2.6,2.0,,1.0,2.0,3.0,1.0,1.0,1.0,1.0,1.0,3.0,1.0
P030,1,lower-fat|lower-calorie|sweet|savory,5,4,6,1,sweet,0,D048,Red Bliss Potato Salad with Gorgonzola and Walnuts,sweet,bad,7.24339,14.596,132.0,4.0,5.0,5.0,6.0,20.0,10.0,80.0,,34.889872312545776,1,3.0,3.0,3.0,4.0,20.0,30.0,110.0,12.75661,15.404,22.0,0,5.0,2.0,4.0,2.0,2.0,3.0,3.0,,2.0,3.0,2.0,2.0,1.0,1.0,2.0,1.0,3.0,1.0
P032,1,savory|lower-carb|lower-calorie,7,7,7,0,,0,D002,Bourbon Wieners,sweet,good,16.7136,19.6039,290.0,3.0,3.0,3.0,4.0,35.0,20.0,120.0,,81.07006549835205,1,4.0,4.0,4.0,5.0,40.0,30.0,260.0,23.2864,10.3961,30.0,0,7.0,5.0,6.0,7.0,6.0,6.2,6.0,,6.0,6.0,6.0,6.0,7.0,7.0,6.0,6.0,3.0,1.0
P033,1,savory,4,2,7,1,savory,0,D018,That Addicting Salad,savory,good,27.84,6.82667,304.0,4.0,2.0,2.0,2.0,70.0,5.0,20.0,,62.58877682685852,1,3.0,2.0,2.0,2.0,40.0,5.0,20.0,12.16,1.82667,284.0,0,7.0,7.0,6.0,6.0,5.0,6.2,6.0,,6.0,6.0,6.0,6.0,7.0,7.0,6.0,6.0,3.0,1.0
P034,1,lower-calorie,4,5,6,1,lower-calorie,0,D077,Apple Pie Filling,sweet,bad,0.0701201,23.4201,90.0,3.0,3.0,4.0,5.0,40.0,20.0,160.0,,31.6585910320282,1,2.0,2.0,2.0,3.0,40.0,50.0,300.0,39.9298799,26.5799,210.0,0,2.0,1.0,3.0,1.0,2.0,1.8,1.0,,1.0,2.0,3.0,1.0,1.0,1.0,1.0,1.0,3.0,1.0
P035,1,lower-calorie|sweet|lower-carb,4,5,7,1,sweet,0,D042,Bourbon Wieners,sweet,bad,16.7136,19.6039,290.0,4.0,3.0,3.0,4.0,30.0,40.0,260.0,,69.96628737449646,1,2.0,2.0,2.0,3.0,40.0,45.0,300.0,23.2864,25.3961,10.0,0,3.0,3.0,2.0,2.0,1.0,2.2,2.0,,1.0,2.0,2.0,1.0,1.0,1.0,1.0,1.0,3.0,1.0
P037,1,sweet,6,5,6,1,sweet,0,D077,Apple Pie Filling,sweet,bad,0.0701201,23.4201,90.0,4.0,3.0,4.0,3.0,25.0,40.0,400.0,,85.13225841522217,1,4.0,3.0,4.0,3.0,25.0,40.0,400.0,24.9298799,16.5799,310.0,0,2.0,2.0,1.0,2.0,2.0,1.8,2.0,,1.0,2.0,3.0,1.0,1.0,1.0,1.0,1.0,3.0,1.0
P038,1,savory,4,3,5,1,savory,0,D059,That Addicting Salad,savory,bad,27.84,6.82667,304.0,2.0,4.0,4.0,4.0,120.0,7.0,570.0,,84.15717554092407,1,2.0,4.0,4.0,4.0,80.0,7.0,580.0,52.16,0.1733299999999999,276.0,0,3.0,1.0,1.0,2.0,1.0,1.6,1.0,,1.0,2.0,3.0,1.0,1.0,1.0,1.0,1.0,3.0,1.0
P039,1,sweet,1,1,7,1,sweet,0,D074,White Chocolate and Passion Fruit Cheesecake,sweet,bad,24.3086,22.4598,325.0,7.0,5.0,7.0,7.0,2.0,3.0,90.0,,43.19594645500183,1,7.0,5.0,7.0,7.0,2.0,3.0,90.0,22.3086,19.4598,235.0,0,1.0,1.0,1.0,1.0,1.0,1.0,1.0,,1.0,2.0,2.0,1.0,1.0,1.0,1.0,1.0,3.0,1.0
P040,1,lower-fat|savory|sweet,5,6,7,1,sweet,0,D042,Bourbon Wieners,sweet,bad,16.7136,19.6039,290.0,4.0,3.0,4.0,5.0,20.0,15.0,50.0,,88.02701663970947,1,2.0,2.0,2.0,3.0,30.0,25.0,80.0,13.2864,5.396100000000001,210.0,0,4.0,2.0,3.0,1.0,1.0,2.2,2.0,,1.0,2.0,2.0,1.0,1.0,1.0,1.0,1.0,3.0,1.0
P041,1,lower-carb|sweet|lower-fat,5,5,7,1,sweet,0,D014,Mom's Margarine Cake,sweet,good,17.273,50.1177,371.0,5.0,4.0,6.0,6.0,10.0,15.0,80.0,,87.02457070350647,1,6.0,5.0,6.0,6.0,25.0,30.0,180.0,7.727,20.1177,191.0,0,7.0,6.0,6.0,7.0,6.0,6.4,6.0,,6.0,6.0,6.0,6.0,7.0,7.0,6.0,6.0,3.0,1.0
P042,1,savory|lower-fat|lower-carb|lower-calorie|sweet,7,5,7,1,savory,0,D070,Sweet and Nutty Pork Chops,savory,bad,9.86798,12.592,204.0,7.0,5.0,7.0,7.0,45.0,40.0,200.0,,80.90928983688354,1,3.0,2.0,3.0,2.0,50.0,55.0,280.0,40.13202,42.408,76.0,0,2.0,1.0,2.0,1.0,1.0,1.4,1.0,,1.0,2.0,2.0,1.0,1.0,1.0,1.0,1.0,3.0,1.0
P044,1,lower-fat,7,6,5,1,lower-fat,0,D080,Cuban-Style Pork and Sweet Potatoes,savory,bad,3.494,9.83363,96.0,3.0,3.0,2.0,3.0,,,,,143.89892554283142,1,2.0,2.0,2.0,2.0,,,,,,,0,4.0,5.0,4.0,2.0,4.0,3.8,4.0,,1.0,2.0,3.0,1.0,1.0,1.0,1.0,1.0,3.0,1.0
P045,1,savory|sweet,1,3,5,1,savory,0,D024,Turkey Tom Kha Gai,savory,good,4.22722,2.07403,70.0,7.0,5.0,3.0,6.0,200.0,50.0,500.0,,118.47473335266112,1,7.0,5.0,5.0,7.0,100.0,100.0,30.0,95.77278,97.92597,40.0,0,7.0,7.0,4.0,7.0,6.0,6.2,7.0,,6.0,6.0,6.0,5.0,6.0,6.0,5.0,6.0,3.0,1.0
P046,1,lower-fat,3,3,5,1,lower-fat,0,D037,Carrot and Sweet Potato Tzimmes,savory,good,0.223501,20.6962,83.0,4.0,3.0,3.0,3.0,15.0,40.0,380.0,"There's no amount of the ingredients given. So it's not really possible to estimate fat, carbohydrates and calories.",87.49163937568665,1,3.0,3.0,3.0,3.0,15.0,40.0,380.0,14.776499,19.3038,297.0,0,5.0,5.0,5.0,6.0,6.0,5.4,5.0,,6.0,6.0,6.0,5.0,7.0,7.0,6.0,6.0,3.0,1.0
P049,1,lower-carb|savory,4,2,7,2,lower-carb|savory,0,D018,That Addicting Salad,savory,good,27.84,6.82667,304.0,5.0,4.0,6.0,5.0,24.0,26.0,60.0,,65.89321899414062,1,6.0,5.0,6.0,7.0,40.0,30.0,190.0,12.16,23.17333,114.0,0,7.0,5.0,7.0,7.0,6.0,6.4,7.0,,6.0,6.0,6.0,6.0,7.0,7.0,6.0,6.0,3.0,1.0
P050,1,lower-fat|sweet,4,5,7,2,lower-fat|sweet,0,D038,Layered Mousse Bites,sweet,good,2.40937,19.3753,108.0,5.0,3.0,3.0,4.0,30.0,58.0,135.0,,72.85635614395142,1,6.0,4.0,5.0,5.0,15.0,30.0,90.0,12.59063,10.6247,18.0,0,6.0,7.0,6.0,6.0,7.0,6.4,6.0,,6.0,6.0,6.0,5.0,6.0,6.0,6.0,6.0,3.0,1.0
P051,1,savory|lower-carb,5,4,5,2,savory|lower-carb,0,D063,Orange Beef Kabobs with Grilled Fruit,savory,bad,5.16081,7.90019,102.0,6.0,4.0,4.0,3.0,10.0,3.0,300.0,,62.52029180526733,1,6.0,4.0,3.0,2.0,8.0,3.0,300.0,2.8391900000000003,4.90019,198.0,0,5.0,3.0,4.0,2.0,2.0,3.2,2.0,,1.0,2.0,4.0,1.0,1.0,1.0,1.0,1.0,3.0,1.0
P052,1,lower-carb,7,7,7,1,lower-carb,0,D064,Au Gratin-Pumpkin Layered Casserole,savory,bad,6.68238,4.81959,106.0,1.0,4.0,1.0,1.0,45.0,120.0,700.0,It’s difficult to estimate from American units,41.60936999320984,1,1.0,4.0,1.0,1.0,50.0,90.0,700.0,43.31762,85.18041,594.0,0,7.0,2.0,1.0,1.0,1.0,2.4,1.0,I don’t eat animals,2.0,3.0,4.0,2.0,1.0,1.0,2.0,1.0,3.0,1.0
P053,1,sweet|lower-carb,6,5,7,2,sweet|lower-carb,0,D050,Whole Grain Barley and Apple Porridge,sweet,bad,3.92033,10.4542,79.0,4.0,3.0,3.0,4.0,40.0,30.0,160.0,,62.0282769203186,1,2.0,2.0,2.0,1.0,60.0,30.0,200.0,56.07967,19.5458,121.0,0,4.0,2.0,3.0,3.0,2.0,2.8,2.0,,2.0,3.0,2.0,2.0,1.0,1.0,2.0,1.0,3.0,1.0
P054,1,lower-carb|sweet,4,5,6,1,lower-carb,0,D019,Carrot Casserole,savory,good,11.252,10.5659,151.0,4.0,5.0,6.0,7.0,18.0,10.0,65.0,,88.77804565429688,1,5.0,5.0,6.0,7.0,44.0,37.0,75.0,32.748,26.4341,76.0,0,7.0,6.0,6.0,7.0,7.0,6.6,7.0,,6.0,6.0,6.0,6.0,7.0,7.0,6.0,6.0,3.0,1.0
P056,1,lower-calorie|sweet|savory,6,6,6,2,lower-calorie|savory,0,D021,Orange Beef Kabobs with Grilled Fruit,savory,good,5.16081,7.90019,102.0,3.0,3.0,1.0,2.0,15.0,50.0,550.0,,76.21002006530762,1,4.0,3.0,2.0,2.0,18.0,55.0,580.0,12.83919,47.09981,478.0,0,6.0,5.0,6.0,6.0,6.0,5.8,6.0,,7.0,7.0,7.0,7.0,7.0,7.0,7.0,7.0,3.0,1.0
P057,1,savory|lower-carb|lower-fat|lower-calorie,5,4,7,1,savory,0,D070,Sweet and Nutty Pork Chops,savory,bad,9.86798,12.592,204.0,6.0,5.0,6.0,7.0,55.0,50.0,350.0,,79.88855171203613,1,2.0,3.0,3.0,4.0,60.0,55.0,350.0,50.13202,42.408,146.0,0,2.0,1.0,2.0,2.0,1.0,1.6,1.0,,1.0,2.0,2.0,1.0,1.0,1.0,1.0,1.0,3.0,1.0
P058,1,lower-calorie|sweet,3,2,5,2,lower-calorie|sweet,0,D040,Apple Pie Filling,sweet,good,0.0701201,23.4201,90.0,3.0,4.0,4.0,5.0,35.0,45.0,210.0,,40.43230295181274,1,4.0,5.0,5.0,6.0,5.0,30.0,90.0,4.9298799,6.579899999999999,0.0,0,6.0,6.0,7.0,7.0,6.0,6.4,6.0,,6.0,6.0,6.0,5.0,7.0,7.0,6.0,6.0,3.0,1.0
P059,1,savory,5,5,7,1,savory,0,D069,Turkey Tom Kha Gai,savory,bad,4.22722,2.07403,70.0,3.0,2.0,2.0,2.0,20.0,40.0,700.0,"There are no weights and measurements for the recipe, although it sounds interesting i cant really use it.",70.69461464881897,1,3.0,3.0,3.0,3.0,20.0,40.0,400.0,15.77278,37.92597,330.0,0,2.0,2.0,2.0,1.0,1.0,1.6,4.0,"I noticed myself get annoyed by the conversation. Firstly there was no weights and measurements. And then the sugar and fat was not helpful either, as they were arguing.",2.0,2.0,4.0,2.0,1.0,1.0,1.0,1.0,3.0,1.0
P060,1,lower-fat|sweet,5,5,6,2,lower-fat|sweet,0,D050,Whole Grain Barley and Apple Porridge,sweet,bad,3.92033,10.4542,79.0,5.0,5.0,6.0,7.0,24.0,36.0,90.0,,44.889750480651855,1,3.0,3.0,4.0,6.0,40.0,35.0,110.0,36.07967,24.5458,31.0,0,3.0,1.0,4.0,1.0,1.0,2.0,2.0,,2.0,3.0,2.0,2.0,1.0,1.0,2.0,1.0,3.0,1.0
P061,1,lower-calorie|savory,5,6,7,2,lower-calorie|savory,0,D065,Minted Marinated Zucchini,savory,bad,5.97775,3.26059,65.0,6.0,3.0,1.0,1.0,12.0,3.0,420.0,I don’t like zucchini,44.5204656124115,1,6.0,3.0,1.0,1.0,0.0,0.0,0.0,5.97775,3.26059,65.0,0,7.0,4.0,3.0,3.0,3.0,4.0,3.0,,2.0,3.0,2.0,2.0,1.0,1.0,2.0,1.0,3.0,1.0
P062,1,sweet|savory,5,7,5,1,savory,0,D059,That Addicting Salad,savory,bad,27.84,6.82667,304.0,5.0,3.0,4.0,4.0,10.0,5.0,300.0,,42.01626634597778,1,4.0,3.0,4.0,4.0,15.0,15.0,300.0,12.84,8.17333,4.0,0,6.0,5.0,4.0,2.0,3.0,4.0,4.0,,1.0,2.0,3.0,1.0,1.0,1.0,1.0,1.0,3.0,1.0
P063,1,lower-fat|lower-calorie|savory,6,7,7,3,lower-fat|lower-calorie|savory,0,D032,Cuban-Style Pork and Sweet Potatoes,savory,good,3.494,9.83363,96.0,5.0,4.0,5.0,6.0,15.0,25.0,250.0,,29.931427717208862,1,5.0,4.0,5.0,6.0,15.0,25.0,250.0,11.506,15.16637,154.0,0,5.0,6.0,5.0,6.0,4.0,5.2,5.0,,6.0,6.0,6.0,5.0,7.0,7.0,6.0,6.0,3.0,1.0
P064,1,lower-carb|lower-fat|savory,4,4,7,3,lower-carb|lower-fat|savory,0,D063,Orange Beef Kabobs with Grilled Fruit,savory,bad,5.16081,7.90019,102.0,2.0,3.0,1.0,1.0,25.0,60.0,1000.0,"Since I am vegan , my scores are low.",984.8226413726808,1,1.0,2.0,1.0,1.0,75.0,50.0,750.0,69.83919,42.09981,648.0,0,5.0,7.0,7.0,7.0,3.0,5.8,4.0,Since I am a Vegan not a fan of meat :(,1.0,2.0,4.0,1.0,1.0,1.0,1.0,1.0,3.0,1.0
P065,1,sweet|lower-fat,4,5,6,1,sweet,0,D048,Red Bliss Potato Salad with Gorgonzola and Walnuts,sweet,bad,7.24339,14.596,132.0,4.0,5.0,5.0,6.0,20.0,10.0,50.0,,78.774977684021,1,2.0,3.0,3.0,4.0,20.0,35.0,90.0,12.75661,20.404,42.0,0,3.0,1.0,2.0,2.0,1.0,1.8,2.0,,2.0,3.0,2.0,2.0,1.0,1.0,2.0,1.0,3.0,1.0
P066,1,lower-fat|sweet|savory,5,6,7,1,sweet,0,D074,White Chocolate and Passion Fruit Cheesecake,sweet,bad,24.3086,22.4598,325.0,4.0,5.0,4.0,5.0,30.0,40.0,180.0,,44.62153506278992,1,2.0,2.0,3.0,2.0,65.0,50.0,220.0,40.6914,27.5402,105.0,0,2.0,1.0,2.0,1.0,2.0,1.6,1.0,,1.0,2.0,2.0,1.0,1.0,1.0,1.0,1.0,3.0,1.0
P067,1,,4,4,7,0,,0,D007,Red Bliss Potato Salad with Gorgonzola and Walnuts,sweet,good,7.24339,14.596,132.0,5.0,3.0,2.0,1.0,40.0,150.0,220.0,I have no idea how many grams a serving is and in which relation each food is used.,82.740394115448,1,5.0,3.0,2.0,1.0,40.0,120.0,220.0,32.75661,105.404,88.0,0,5.0,6.0,4.0,7.0,6.0,5.6,4.0,"Generally the communication was good but quite artificial. It sounded a bit like a textbook example from a awareness seminary if you know what I mean.
The information given was good, but especially things like this glycemic whatever could be explained if they’re used. Most things I understood I already know and what I didn’t know I mostly didn’t  understand.",7.0,7.0,7.0,6.0,7.0,7.0,6.0,7.0,3.0,1.0
P068,1,lower-carb|lower-calorie,2,4,6,2,lower-carb|lower-calorie,0,D064,Au Gratin-Pumpkin Layered Casserole,savory,bad,6.68238,4.81959,106.0,3.0,4.0,4.0,5.0,45.0,70.0,350.0,,36.84996557235718,1,4.0,4.0,3.0,4.0,60.0,55.0,290.0,53.31762,50.18041,184.0,0,4.0,2.0,2.0,1.0,1.0,2.0,2.0,,2.0,3.0,4.0,2.0,1.0,1.0,2.0,1.0,3.0,1.0
P074,1,sweet|savory,5,5,7,1,savory,0,D025,Sweet and Nutty Pork Chops,savory,good,9.86798,12.592,204.0,6.0,4.0,6.0,6.0,30.0,20.0,420.0,No quantities are given for each ingredient,127.48148465156557,1,6.0,4.0,6.0,6.0,30.0,20.0,420.0,20.13202,7.407999999999999,216.0,0,6.0,4.0,5.0,7.0,5.0,5.4,5.0,"It repeated some topics like the Honey-Nut-ratio while also adressing that they are being respectful to each other, which is cool in my books, however unfitting for a recipe evaluation.",7.0,7.0,7.0,7.0,7.0,7.0,7.0,7.0,3.0,1.0
P075,1,lower-fat,6,5,6,1,lower-fat,0,D080,Cuban-Style Pork and Sweet Potatoes,savory,bad,3.494,9.83363,96.0,4.0,3.0,4.0,4.0,14.0,25.0,250.0,,43.00691485404968,1,2.0,2.0,2.0,3.0,30.0,50.0,400.0,26.506,40.16637,304.0,0,2.0,1.0,3.0,2.0,2.0,2.0,2.0,,1.0,2.0,3.0,1.0,1.0,1.0,1.0,1.0,3.0,1.0
P077,1,sweet,3,4,6,1,sweet,0,D002,Bourbon Wieners,sweet,good,16.7136,19.6039,290.0,2.0,1.0,2.0,1.0,80.0,35.0,230.0,,167.59377002716064,1,1.0,1.0,1.0,1.0,250.0,120.0,390.0,233.2864,100.3961,100.0,0,6.0,7.0,7.0,7.0,7.0,6.8,7.0,,6.0,6.0,6.0,6.0,7.0,7.0,6.0,6.0,3.0,1.0
P078,1,lower-calorie|sweet,5,6,5,2,lower-calorie|sweet,0,D077,Apple Pie Filling,sweet,bad,0.0701201,23.4201,90.0,4.0,4.0,3.0,4.0,9.0,14.0,68.0,,32.01490330696106,1,3.0,2.0,2.0,3.0,5.0,20.0,105.0,4.9298799,3.420100000000001,15.0,0,4.0,3.0,3.0,2.0,1.0,2.6,2.0,,1.0,2.0,3.0,1.0,1.0,1.0,1.0,1.0,3.0,1.0
P079,1,savory|lower-carb|lower-calorie|lower-fat,4,6,7,1,savory,0,D070,Sweet and Nutty Pork Chops,savory,bad,9.86798,12.592,204.0,6.0,5.0,6.0,6.0,30.0,30.0,150.0,,119.7223448753357,1,3.0,4.0,4.0,5.0,40.0,50.0,300.0,30.13202,37.408,96.0,0,3.0,2.0,4.0,2.0,2.0,2.6,2.0,,1.0,2.0,2.0,1.0,1.0,1.0,1.0,1.0,3.0,1.0
P081,1,savory,5,5,6,1,savory,0,D025,Sweet and Nutty Pork Chops,savory,good,9.86798,12.592,204.0,4.0,3.0,3.0,2.0,40.0,20.0,850.0,,53.95084428787232,1,5.0,3.0,4.0,3.0,30.0,40.0,700.0,20.13202,27.408,496.0,0,6.0,4.0,4.0,7.0,5.0,5.2,5.0,,7.0,7.0,7.0,7.0,7.0,7.0,7.0,7.0,3.0,1.0
P082,1,lower-calorie|savory,5,3,5,2,lower-calorie|savory,0,D080,Cuban-Style Pork and Sweet Potatoes,savory,bad,3.494,9.83363,96.0,4.0,4.0,7.0,7.0,10.0,20.0,460.0,,66.22649717330933,1,4.0,5.0,7.0,7.0,10.0,20.0,460.0,6.506,10.16637,364.0,0,3.0,2.0,2.0,2.0,2.0,2.2,3.0,,1.0,2.0,3.0,1.0,1.0,1.0,1.0,1.0,3.0,1.0
P083,1,savory,5,4,7,1,savory,0,D060,Carrot Casserole,savory,bad,11.252,10.5659,151.0,4.0,2.0,2.0,2.0,60.0,40.0,300.0,OK i know nothing about nutrition,47.81025052070618,1,3.0,2.0,2.0,2.0,60.0,30.0,400.0,48.748,19.4341,249.0,0,3.0,4.0,3.0,2.0,2.0,2.8,3.0,,1.0,2.0,2.0,1.0,1.0,1.0,1.0,1.0,3.0,1.0
P085,1,sweet|lower-fat,4,3,5,2,sweet|lower-fat,0,D050,Whole Grain Barley and Apple Porridge,sweet,bad,3.92033,10.4542,79.0,6.0,4.0,6.0,6.0,3.0,70.0,235.0,,42.41033792495728,1,5.0,4.0,5.0,6.0,15.0,75.0,254.0,11.07967,64.5458,175.0,0,3.0,1.0,2.0,1.0,1.0,1.6,2.0,,2.0,3.0,2.0,2.0,1.0,1.0,2.0,1.0,3.0,1.0
P087,1,sweet|lower-fat,4,3,7,2,sweet|lower-fat,0,D077,Apple Pie Filling,sweet,bad,0.0701201,23.4201,90.0,4.0,4.0,3.0,4.0,15.0,28.0,75.0,,37.260034799575806,1,2.0,3.0,2.0,2.0,20.0,45.0,200.0,19.9298799,21.5799,110.0,0,3.0,3.0,2.0,1.0,2.0,2.2,1.0,,1.0,2.0,3.0,1.0,1.0,1.0,1.0,1.0,3.0,1.0
P088,1,lower-calorie|savory|lower-carb,3,4,6,3,lower-calorie|savory|lower-carb,0,D062,Mock Caprese Salad,savory,bad,0.117039,5.14971,47.0,5.0,4.0,5.0,5.0,5.0,15.0,60.0,,45.228429317474365,1,3.0,3.0,4.0,5.0,15.0,30.0,80.0,14.882961,24.85029,33.0,0,3.0,2.0,3.0,2.0,3.0,2.6,2.0,,2.0,3.0,4.0,2.0,1.0,1.0,2.0,1.0,3.0,1.0
P089,1,lower-fat|sweet|lower-carb|lower-calorie,4,4,6,1,sweet,0,D074,White Chocolate and Passion Fruit Cheesecake,sweet,bad,24.3086,22.4598,325.0,4.0,4.0,3.0,5.0,40.0,40.0,180.0,,58.86900091171265,1,2.0,3.0,3.0,4.0,60.0,50.0,300.0,35.6914,27.5402,25.0,0,4.0,2.0,3.0,1.0,2.0,2.4,2.0,,1.0,2.0,2.0,1.0,1.0,1.0,1.0,1.0,3.0,1.0
P090,1,lower-fat,4,5,6,1,lower-fat,0,D072,Layered Mousse Bites,sweet,bad,2.40937,19.3753,108.0,5.0,3.0,3.0,4.0,1.5,15.0,50.0,,60.086116313934326,1,3.0,2.0,2.0,3.0,10.0,30.0,80.0,7.59063,10.6247,28.0,0,1.0,1.0,3.0,2.0,1.0,1.6,2.0,,2.0,3.0,2.0,1.0,1.0,1.0,1.0,1.0,3.0,1.0
P092,1,savory,2,2,7,1,savory,0,D025,Sweet and Nutty Pork Chops,savory,good,9.86798,12.592,204.0,6.0,5.0,5.0,7.0,60.0,20.0,300.0,,96.94826650619508,1,6.0,5.0,6.0,7.0,50.0,30.0,400.0,40.13202,17.408,196.0,0,6.0,5.0,5.0,7.0,6.0,5.8,6.0,,7.0,7.0,7.0,7.0,7.0,7.0,7.0,7.0,3.0,1.0
P093,1,savory|lower-calorie,5,4,6,2,savory|lower-calorie,0,D064,Au Gratin-Pumpkin Layered Casserole,savory,bad,6.68238,4.81959,106.0,5.0,4.0,4.0,4.0,35.0,85.0,450.0,,58.751089572906494,1,5.0,4.0,4.0,4.0,45.0,85.0,450.0,38.31762,80.18041,344.0,0,4.0,2.0,3.0,2.0,2.0,2.6,2.0,,2.0,3.0,4.0,2.0,1.0,1.0,2.0,1.0,3.0,1.0
P094,1,sweet|lower-fat,5,6,6,2,sweet|lower-fat,0,D009,Whole Grain Barley and Apple Porridge,sweet,good,3.92033,10.4542,79.0,5.0,2.0,1.0,1.0,12.0,37.0,342.0,That receipe is way too much work... I´d never cook that because it takes minimum 3h...,241.7736968994141,1,5.0,2.0,2.0,1.0,17.0,27.0,420.0,13.07967,16.5458,341.0,0,7.0,4.0,2.0,7.0,5.0,5.0,4.0,,6.0,6.0,6.0,5.0,6.0,6.0,5.0,6.0,3.0,1.0
P095,1,lower-carb|lower-calorie|sweet|savory,5,5,5,3,lower-carb|lower-calorie|savory,0,D034,Au Gratin-Pumpkin Layered Casserole,savory,good,6.68238,4.81959,106.0,3.0,3.0,2.0,1.0,35.0,50.0,400.0,,76.60120558738708,1,3.0,3.0,2.0,1.0,35.0,50.0,400.0,28.31762,45.18041,294.0,0,5.0,5.0,6.0,6.0,6.0,5.6,6.0,,6.0,6.0,6.0,5.0,7.0,7.0,6.0,6.0,3.0,1.0
P096,1,lower-fat,5,4,7,1,lower-fat,0,D071,Carrot and Sweet Potato Tzimmes,savory,bad,0.223501,20.6962,83.0,6.0,4.0,5.0,5.0,10.0,20.0,300.0,"This dish takes very long to prepare, in my opinion.",49.45919322967529,1,1.0,4.0,5.0,6.0,3.0,40.0,150.0,2.776499,19.3038,67.0,0,7.0,5.0,3.0,3.0,4.0,4.4,4.0,,1.0,2.0,3.0,1.0,1.0,1.0,1.0,1.0,3.0,1.0
P097,1,lower-calorie,6,6,6,1,lower-calorie,0,D062,Mock Caprese Salad,savory,bad,0.117039,5.14971,47.0,4.0,2.0,2.0,1.0,15.0,20.0,200.0,,32.43752574920654,1,4.0,2.0,2.0,1.0,15.0,20.0,200.0,14.882961,14.85029,153.0,0,4.0,2.0,3.0,1.0,6.0,3.2,1.0,,2.0,3.0,4.0,2.0,1.0,1.0,2.0,1.0,3.0,1.0
P098,1,lower-carb|savory|sweet,5,6,7,1,sweet,0,D026,White Chocolate and Passion Fruit Cheesecake,sweet,good,24.3086,22.4598,325.0,5.0,5.0,5.0,7.0,35.0,15.0,105.0,,87.34966588020325,1,6.0,5.0,6.0,7.0,40.0,20.0,120.0,15.691400000000002,2.4598000000000013,205.0,0,7.0,6.0,6.0,7.0,6.0,6.4,7.0,,6.0,6.0,6.0,5.0,7.0,7.0,6.0,6.0,3.0,1.0
P099,1,lower-carb|lower-calorie,6,6,5,2,lower-carb|lower-calorie,0,D034,Au Gratin-Pumpkin Layered Casserole,savory,good,6.68238,4.81959,106.0,4.0,3.0,3.0,2.0,44.0,125.0,990.0,,116.74614715576172,1,4.0,3.0,3.0,2.0,45.0,120.0,990.0,38.31762,115.18041,884.0,0,5.0,5.0,5.0,7.0,6.0,5.6,6.0,,6.0,6.0,6.0,5.0,7.0,7.0,6.0,6.0,3.0,1.0
P100,1,lower-fat|savory,4,5,5,2,lower-fat|savory,0,D063,Orange Beef Kabobs with Grilled Fruit,savory,bad,5.16081,7.90019,102.0,1.0,3.0,2.0,2.0,30.0,70.0,700.0,Not suitable for my diet because I am a vegetarian.,50.32899832725525,1,1.0,3.0,2.0,2.0,30.0,70.0,700.0,24.83919,62.09981,598.0,0,4.0,2.0,2.0,2.0,1.0,2.2,1.0,It was no usefull conversation,1.0,2.0,4.0,1.0,1.0,1.0,1.0,1.0,3.0,1.0
P101,1,lower-carb|savory|lower-fat,5,3,7,3,lower-carb|savory|lower-fat,0,D024,Turkey Tom Kha Gai,savory,good,4.22722,2.07403,70.0,4.0,3.0,2.0,1.0,20.0,50.0,300.0,,46.85833835601807,1,4.0,3.0,2.0,1.0,20.0,50.0,300.0,15.77278,47.92597,230.0,0,5.0,5.0,4.0,6.0,6.0,5.2,4.0,,6.0,6.0,6.0,5.0,6.0,6.0,5.0,6.0,3.0,1.0
P102,1,savory,3,5,4,1,savory,0,D035,Minted Marinated Zucchini,savory,good,5.97775,3.26059,65.0,2.0,1.0,1.0,1.0,10.0,10.0,80.0,,47.762107372283936,1,1.0,1.0,1.0,1.0,10.0,10.0,70.0,4.02225,6.73941,5.0,0,7.0,6.0,7.0,7.0,6.0,6.6,6.0,,6.0,6.0,6.0,5.0,7.0,7.0,6.0,6.0,3.0,1.0
P105,1,savory|sweet|lower-fat,6,5,6,2,savory|lower-fat,0,D071,Carrot and Sweet Potato Tzimmes,savory,bad,0.223501,20.6962,83.0,6.0,4.0,4.0,3.0,10.0,50.0,200.0,,98.94107508659364,1,5.0,4.0,5.0,3.0,10.0,50.0,0.0,9.776499,29.3038,83.0,0,3.0,2.0,1.0,1.0,1.0,1.6,2.0,,1.0,2.0,3.0,1.0,1.0,1.0,1.0,1.0,3.0,1.0
P107,1,savory|sweet,5,6,7,1,sweet,0,D042,Bourbon Wieners,sweet,bad,16.7136,19.6039,290.0,1.0,2.0,1.0,1.0,40.0,50.0,210.0,"Assuming a single sausage is a serving, though I have no idea what the macronutrient distribution of sausages actually looks like",47.58297348022461,1,1.0,1.0,1.0,1.0,80.0,90.0,240.0,63.2864,70.3961,50.0,0,3.0,5.0,4.0,2.0,1.0,3.0,2.0,,1.0,2.0,2.0,1.0,1.0,1.0,1.0,1.0,3.0,1.0
P108,1,lower-carb|savory,6,7,6,2,lower-carb|savory,0,D035,Minted Marinated Zucchini,savory,good,5.97775,3.26059,65.0,3.0,3.0,3.0,1.0,20.0,9.0,255.0,sehr schwierig einzuschätzen aufgrund fehlender Mengenangaben der Zutaten in gramm,74.56693148612976,1,3.0,3.0,2.0,1.0,20.0,8.0,255.0,14.02225,4.73941,190.0,0,7.0,4.0,4.0,7.0,6.0,5.6,6.0,,6.0,6.0,6.0,5.0,7.0,7.0,6.0,6.0,3.0,1.0
P110,1,savory,3,3,6,1,savory,0,D071,Carrot and Sweet Potato Tzimmes,savory,bad,0.223501,20.6962,83.0,5.0,3.0,1.0,1.0,,80.0,250.0,,18.68993043899536,1,3.0,2.0,1.0,1.0,,0.0,250.0,,20.6962,167.0,0,7.0,6.0,7.0,7.0,,6.75,6.0,,1.0,2.0,3.0,1.0,1.0,1.0,1.0,1.0,3.0,1.0
P111,1,sweet,2,6,6,1,sweet,0,D002,Bourbon Wieners,sweet,good,16.7136,19.6039,290.0,2.0,2.0,1.0,1.0,50.0,30.0,200.0,,61.823866844177246,1,2.0,2.0,1.0,1.0,50.0,30.0,200.0,33.2864,10.3961,90.0,0,6.0,6.0,6.0,7.0,7.0,6.4,6.0,,6.0,6.0,6.0,6.0,7.0,7.0,6.0,6.0,3.0,1.0
P113,1,savory,4,3,7,1,savory,0,D032,Cuban-Style Pork and Sweet Potatoes,savory,good,3.494,9.83363,96.0,1.0,2.0,1.0,1.0,50.0,450.0,600.0,,73.57756757736206,1,1.0,2.0,1.0,1.0,30.0,300.0,450.0,26.506,290.16637000000003,354.0,0,7.0,6.0,7.0,7.0,7.0,6.8,7.0,,6.0,6.0,6.0,5.0,7.0,7.0,6.0,6.0,3.0,1.0
P114,1,lower-carb,6,5,7,1,lower-carb,0,D062,Mock Caprese Salad,savory,bad,0.117039,5.14971,47.0,4.0,4.0,3.0,1.0,10.0,10.0,200.0,,38.7658417224884,1,4.0,3.0,3.0,2.0,10.0,10.0,150.0,9.882961,4.85029,103.0,0,6.0,4.0,4.0,4.0,2.0,4.0,3.0,,2.0,3.0,4.0,2.0,1.0,1.0,2.0,1.0,3.0,1.0
P115,1,sweet,5,3,6,1,sweet,0,D048,Red Bliss Potato Salad with Gorgonzola and Walnuts,sweet,bad,7.24339,14.596,132.0,5.0,4.0,7.0,6.0,,600.0,,"I’ve never paid attention to things like calorie information for a dish before, so I really can‘t estimate at all.",31.808490753173828,1,5.0,5.0,6.0,6.0,,600.0,800.0,,585.404,668.0,0,7.0,3.0,2.0,2.0,2.0,3.2,1.0,I had the feeling that the two people were talking past each other,2.0,3.0,2.0,2.0,1.0,1.0,2.0,1.0,3.0,1.0
P116,1,savory|sweet,5,6,6,1,sweet,0,D026,White Chocolate and Passion Fruit Cheesecake,sweet,good,24.3086,22.4598,325.0,2.0,4.0,1.0,1.0,30.0,70.0,600.0,,31.632464170455933,1,2.0,2.0,1.0,1.0,35.0,80.0,700.0,10.691400000000002,57.5402,375.0,0,4.0,2.0,2.0,5.0,2.0,3.0,1.0,,6.0,6.0,6.0,5.0,7.0,7.0,6.0,6.0,3.0,1.0
P117,1,lower-calorie|lower-fat,6,5,5,1,lower-calorie,0,D034,Au Gratin-Pumpkin Layered Casserole,savory,good,6.68238,4.81959,106.0,3.0,4.0,5.0,5.0,350.0,270.0,480.0,,78.42219495773315,1,6.0,5.0,6.0,6.0,280.0,240.0,400.0,273.31762,235.18041,294.0,0,7.0,6.0,7.0,7.0,6.0,6.6,7.0,,6.0,6.0,6.0,5.0,7.0,7.0,6.0,6.0,3.0,1.0
P118,1,lower-fat|savory,6,7,7,0,,0,D074,White Chocolate and Passion Fruit Cheesecake,sweet,bad,24.3086,22.4598,325.0,4.0,4.0,3.0,5.0,25.0,30.0,300.0,,27.39261555671692,1,4.0,4.0,3.0,5.0,25.0,30.0,300.0,0.6914000000000016,7.540199999999999,25.0,0,3.0,4.0,2.0,3.0,2.0,2.8,2.0,,1.0,2.0,2.0,1.0,1.0,1.0,1.0,1.0,3.0,1.0
P119,1,savory,3,4,7,1,savory,0,D060,Carrot Casserole,savory,bad,11.252,10.5659,151.0,4.0,3.0,2.0,3.0,0.0,0.0,0.0,,38.84469985961914,1,3.0,3.0,2.0,3.0,10.0,6.0,260.0,1.252000000000001,4.565899999999999,109.0,0,3.0,4.0,2.0,2.0,2.0,2.6,1.0,,1.0,2.0,2.0,1.0,1.0,1.0,1.0,1.0,3.0,1.0
P120,1,lower-carb|lower-fat|lower-calorie,4,5,6,3,lower-carb|lower-fat|lower-calorie,0,D062,Mock Caprese Salad,savory,bad,0.117039,5.14971,47.0,4.0,3.0,3.0,1.0,10.0,60.0,250.0,,55.40471410751343,1,3.0,3.0,2.0,1.0,30.0,60.0,250.0,29.882961,54.85029,203.0,0,3.0,1.0,2.0,2.0,2.0,2.0,2.0,,2.0,3.0,4.0,2.0,1.0,1.0,2.0,1.0,3.0,1.0
P121,1,lower-fat|sweet,6,5,5,2,lower-fat|sweet,0,D072,Layered Mousse Bites,sweet,bad,2.40937,19.3753,108.0,6.0,5.0,6.0,6.0,10.0,25.0,60.0,,27.636887550354004,1,5.0,3.0,4.0,6.0,2.0,30.0,70.0,0.40937,10.6247,38.0,0,4.0,2.0,3.0,1.0,1.0,2.2,2.0,,2.0,3.0,2.0,1.0,1.0,1.0,1.0,1.0,3.0,1.0
P122,1,lower-carb,3,4,6,0,,0,D055,Mom's Margarine Cake,sweet,bad,17.273,50.1177,371.0,4.0,3.0,4.0,5.0,50.0,30.0,240.0,,51.60548639297485,1,3.0,3.0,2.0,3.0,60.0,30.0,300.0,42.727,20.1177,71.0,0,4.0,2.0,3.0,2.0,1.0,2.4,3.0,,1.0,2.0,3.0,1.0,1.0,1.0,1.0,1.0,3.0,1.0
P123,1,savory|lower-fat,3,5,5,2,savory|lower-fat,0,D035,Minted Marinated Zucchini,savory,good,5.97775,3.26059,65.0,3.0,2.0,1.0,1.0,1.0,0.0,100.0,,70.47421264648438,1,5.0,2.0,1.0,1.0,1.0,10.0,100.0,4.97775,6.73941,35.0,0,3.0,3.0,2.0,6.0,6.0,4.0,5.0,,6.0,6.0,6.0,5.0,7.0,7.0,6.0,6.0,3.0,1.0
P124,1,lower-fat|sweet|savory,5,5,6,2,lower-fat|sweet,0,D009,Whole Grain Barley and Apple Porridge,sweet,good,3.92033,10.4542,79.0,6.0,3.0,5.0,6.0,10.0,23.0,550.0,,71.88932538032532,1,6.0,4.0,5.0,6.0,9.0,25.0,560.0,5.07967,14.5458,481.0,0,5.0,6.0,5.0,7.0,4.0,5.4,5.0,,6.0,6.0,6.0,5.0,6.0,6.0,5.0,6.0,3.0,1.0
P125,1,lower-carb|savory,6,6,7,2,lower-carb|savory,0,D059,That Addicting Salad,savory,bad,27.84,6.82667,304.0,1.0,1.0,1.0,1.0,6.0,30.0,180.0,Impossible to guess fat and calories as quantity of mayo and sugar not stated,78.65624165534973,1,1.0,1.0,1.0,1.0,6.0,30.0,180.0,21.84,23.17333,124.0,0,4.0,1.0,1.0,2.0,2.0,2.0,1.0,,1.0,2.0,3.0,1.0,1.0,1.0,1.0,1.0,3.0,1.0
P126,1,lower-fat|savory,4,4,6,2,lower-fat|savory,0,D021,Orange Beef Kabobs with Grilled Fruit,savory,good,5.16081,7.90019,102.0,5.0,3.0,3.0,3.0,100.0,300.0,520.0,,46.78992033004761,1,5.0,3.0,4.0,3.0,80.0,100.0,500.0,74.83919,92.09981,398.0,0,6.0,6.0,6.0,7.0,7.0,6.4,7.0,,7.0,7.0,7.0,7.0,7.0,7.0,7.0,7.0,3.0,1.0
P127,1,sweet|savory,3,5,7,1,savory,0,D019,Carrot Casserole,savory,good,11.252,10.5659,151.0,1.0,1.0,1.0,1.0,0.0,0.0,0.0,"I am unable to estimate anything about the recipe as I am unable to eat many of the ingredients. I believe most of the fat, carbs and calories are in the dairy ingredients, but all dairy and wheat causes a life-threatening allergic reaction, so I have never taken any interest in the quantitative details of their nutritional content. Also, I am not American: I have heard that ""processed American cheese"" is nothing like actual cheese.",40.81448578834534,1,1.0,1.0,1.0,1.0,0.0,0.0,0.0,11.252,10.5659,151.0,0,5.0,1.0,5.0,7.0,6.0,4.8,5.0,The only relevant aspect of the recipe for me is that consuming it would be fatal.,6.0,6.0,6.0,6.0,7.0,7.0,6.0,6.0,3.0,1.0
P128,1,lower-calorie,5,6,5,1,lower-calorie,0,D032,Cuban-Style Pork and Sweet Potatoes,savory,good,3.494,9.83363,96.0,3.0,4.0,3.0,1.0,8.0,70.0,550.0,"the recipe sounds great, but I don´t like meat, so this one is not for me. (But if I ate meat I would definitely give it a try)",50.45408821105957,1,3.0,5.0,3.0,2.0,8.0,65.0,500.0,4.506,55.16637,404.0,0,7.0,7.0,7.0,7.0,7.0,7.0,7.0,,6.0,6.0,6.0,5.0,7.0,7.0,6.0,6.0,3.0,1.0
P129,1,lower-fat|savory,2,2,5,2,lower-fat|savory,0,D069,Turkey Tom Kha Gai,savory,bad,4.22722,2.07403,70.0,1.0,2.0,1.0,1.0,200.0,300.0,800.0,,67.2214617729187,1,1.0,2.0,1.0,1.0,200.0,300.0,800.0,195.77278,297.92597,730.0,0,6.0,5.0,2.0,2.0,2.0,3.4,2.0,,2.0,2.0,4.0,2.0,1.0,1.0,1.0,1.0,3.0,1.0
P130,1,savory,7,7,7,1,savory,0,D065,Minted Marinated Zucchini,savory,bad,5.97775,3.26059,65.0,7.0,5.0,1.0,1.0,1.0,3.0,20.0,,26.887648820877075,1,7.0,5.0,2.0,1.0,1.0,3.0,20.0,4.97775,0.2605900000000001,45.0,0,1.0,1.0,1.0,1.0,1.0,1.0,1.0,,2.0,3.0,2.0,2.0,1.0,1.0,2.0,1.0,3.0,1.0
P131,1,sweet|lower-calorie,5,3,7,1,sweet,0,D026,White Chocolate and Passion Fruit Cheesecake,sweet,good,24.3086,22.4598,325.0,2.0,3.0,3.0,4.0,50.0,35.0,250.0,,101.78243780136108,1,4.0,4.0,4.0,5.0,40.0,30.0,180.0,15.691400000000002,7.540199999999999,145.0,0,7.0,6.0,6.0,7.0,7.0,6.6,7.0,,6.0,6.0,6.0,5.0,7.0,7.0,6.0,6.0,3.0,1.0
P132,1,lower-carb,3,5,6,0,,0,D014,Mom's Margarine Cake,sweet,good,17.273,50.1177,371.0,1.0,3.0,2.0,1.0,15.0,35.0,260.0,,73.6311297416687,1,1.0,2.0,1.0,1.0,18.0,42.0,300.0,0.7270000000000003,8.1177,71.0,0,6.0,6.0,4.0,7.0,6.0,5.8,6.0,,6.0,6.0,6.0,6.0,7.0,7.0,6.0,6.0,3.0,1.0
P133,1,savory|sweet,5,4,6,1,sweet,0,D040,Apple Pie Filling,sweet,good,0.0701201,23.4201,90.0,4.0,1.0,1.0,1.0,1.0,10.0,200.0,"why are there no amounts, eg cups of sugar? this is why i rated the recipe so poorly - it’s literally uncookable.",49.63743853569031,1,4.0,1.0,1.0,1.0,1.0,10.0,150.0,0.9298799,13.4201,60.0,0,2.0,5.0,4.0,7.0,3.0,4.2,5.0,,6.0,6.0,6.0,5.0,7.0,7.0,6.0,6.0,3.0,1.0
P134,1,sweet,5,4,7,1,sweet,0,D074,White Chocolate and Passion Fruit Cheesecake,sweet,bad,24.3086,22.4598,325.0,7.0,5.0,7.0,7.0,25.0,20.0,80.0,,52.54635715484619,1,5.0,2.0,4.0,5.0,50.0,30.0,190.0,25.6914,7.540199999999999,135.0,0,3.0,2.0,4.0,1.0,2.0,2.4,2.0,,1.0,2.0,2.0,1.0,1.0,1.0,1.0,1.0,3.0,1.0
P135,1,lower-carb|lower-calorie|savory,6,7,7,0,,0,D055,Mom's Margarine Cake,sweet,bad,17.273,50.1177,371.0,4.0,3.0,4.0,5.0,30.0,25.0,90.0,,42.245967626571655,1,3.0,3.0,2.0,3.0,40.0,30.0,120.0,22.727,20.1177,251.0,0,3.0,1.0,3.0,2.0,1.0,2.0,2.0,,1.0,2.0,3.0,1.0,1.0,1.0,1.0,1.0,3.0,1.0
P136,1,savory|lower-calorie|lower-carb,5,7,6,2,savory|lower-carb,0,D019,Carrot Casserole,savory,good,11.252,10.5659,151.0,6.0,5.0,6.0,7.0,18.0,14.0,49.0,,95.68911480903624,1,7.0,5.0,7.0,7.0,20.0,15.0,60.0,8.748,4.434100000000001,91.0,0,7.0,7.0,6.0,7.0,6.0,6.6,7.0,,6.0,6.0,6.0,6.0,7.0,7.0,6.0,6.0,3.0,1.0
P137,1,lower-carb,5,7,6,0,,0,D014,Mom's Margarine Cake,sweet,good,17.273,50.1177,371.0,3.0,4.0,3.0,3.0,30.0,0.0,900.0,Its hard to estimate the calories etc. Without knowing how much of each Ingredient was used,187.2113034725189,1,3.0,3.0,2.0,2.0,40.0,0.0,900.0,22.727,50.1177,529.0,0,2.0,4.0,2.0,7.0,6.0,4.2,2.0,,6.0,6.0,6.0,6.0,7.0,7.0,6.0,6.0,3.0,1.0
P138,1,lower-carb|sweet|savory,4,4,6,2,lower-carb|savory,0,D032,Cuban-Style Pork and Sweet Potatoes,savory,good,3.494,9.83363,96.0,5.0,4.0,3.0,3.0,10.0,30.0,400.0,,36.98883605003357,1,4.0,2.0,2.0,2.0,10.0,30.0,500.0,6.506,20.16637,404.0,0,7.0,6.0,5.0,5.0,5.0,5.6,6.0,,6.0,6.0,6.0,5.0,7.0,7.0,6.0,6.0,3.0,1.0
P139,1,lower-calorie|lower-carb,4,3,5,2,lower-calorie|lower-carb,0,D035,Minted Marinated Zucchini,savory,good,5.97775,3.26059,65.0,6.0,2.0,3.0,6.0,10.0,6.0,40.0,,74.56005096435547,1,3.0,3.0,2.0,3.0,8.0,10.0,40.0,2.02225,6.73941,25.0,0,7.0,5.0,4.0,7.0,7.0,6.0,6.0,,6.0,6.0,6.0,5.0,7.0,7.0,6.0,6.0,3.0,1.0
P140,1,lower-calorie,5,5,7,1,lower-calorie,0,D050,Whole Grain Barley and Apple Porridge,sweet,bad,3.92033,10.4542,79.0,3.0,2.0,2.0,3.0,10.0,12.0,179.0,,19.48602867126465,1,3.0,2.0,2.0,3.0,8.0,10.0,200.0,4.07967,0.4542000000000001,121.0,0,6.0,4.0,4.0,5.0,4.0,4.6,4.0,,2.0,3.0,2.0,2.0,1.0,1.0,2.0,1.0,3.0,1.0
P141,1,lower-calorie|savory|lower-carb,4,5,7,3,lower-calorie|savory|lower-carb,0,D064,Au Gratin-Pumpkin Layered Casserole,savory,bad,6.68238,4.81959,106.0,5.0,5.0,5.0,6.0,40.0,30.0,250.0,,48.1164391040802,1,4.0,4.0,4.0,4.0,40.0,30.0,260.0,33.31762,25.18041,154.0,0,3.0,2.0,3.0,2.0,1.0,2.2,3.0,,2.0,3.0,4.0,2.0,1.0,1.0,2.0,1.0,3.0,1.0
P142,1,savory|lower-fat|sweet|lower-calorie,5,4,7,1,sweet,0,D042,Bourbon Wieners,sweet,bad,16.7136,19.6039,290.0,4.0,3.0,3.0,4.0,55.0,45.0,260.0,,101.32499408721924,1,2.0,2.0,1.0,2.0,70.0,50.0,300.0,53.2864,30.3961,10.0,0,1.0,1.0,2.0,1.0,1.0,1.2,1.0,,1.0,2.0,2.0,1.0,1.0,1.0,1.0,1.0,3.0,1.0
P143,1,savory|lower-fat,5,5,6,1,savory,0,D018,That Addicting Salad,savory,good,27.84,6.82667,304.0,5.0,4.0,4.0,4.0,10.0,20.0,500.0,,101.18159079551695,1,3.0,3.0,4.0,4.0,80.0,20.0,100.0,52.16,13.17333,204.0,0,6.0,7.0,5.0,5.0,4.0,5.4,5.0,,6.0,6.0,6.0,6.0,7.0,7.0,6.0,6.0,3.0,1.0
P144,1,savory|sweet|lower-calorie|lower-fat,3,3,7,3,savory|lower-calorie|lower-fat,0,D065,Minted Marinated Zucchini,savory,bad,5.97775,3.26059,65.0,5.0,3.0,4.0,3.0,5.0,8.0,25.0,,57.29482316970825,1,4.0,3.0,3.0,3.0,2.0,10.0,25.0,3.97775,6.73941,40.0,0,4.0,5.0,2.0,2.0,3.0,3.2,3.0,,2.0,3.0,2.0,2.0,1.0,1.0,2.0,1.0,3.0,1.0
P145,1,lower-fat|lower-calorie|savory,3,2,6,3,lower-fat|lower-calorie|savory,0,D037,Carrot and Sweet Potato Tzimmes,savory,good,0.223501,20.6962,83.0,1.0,1.0,1.0,1.0,200.0,500.0,350.0,,49.05147647857666,1,6.0,4.0,6.0,6.0,5.0,10.0,150.0,4.776499,10.6962,67.0,0,7.0,7.0,7.0,7.0,7.0,7.0,7.0,,6.0,6.0,6.0,5.0,7.0,7.0,6.0,6.0,3.0,1.0
P146,1,sweet|lower-calorie|lower-carb|lower-fat,5,4,6,1,sweet,0,D055,Mom's Margarine Cake,sweet,bad,17.273,50.1177,371.0,5.0,5.0,5.0,6.0,30.0,45.0,200.0,,70.80843710899353,1,2.0,3.0,2.0,3.0,40.0,35.0,210.0,22.727,15.1177,161.0,0,3.0,2.0,2.0,1.0,2.0,2.0,2.0,,1.0,2.0,3.0,1.0,1.0,1.0,1.0,1.0,3.0,1.0
P147,1,sweet|lower-fat,6,5,4,2,sweet|lower-fat,0,D038,Layered Mousse Bites,sweet,good,2.40937,19.3753,108.0,3.0,4.0,3.0,3.0,10.0,50.0,150.0,,155.32142806053162,1,4.0,3.0,3.0,3.0,5.0,50.0,160.0,2.59063,30.6247,52.0,0,4.0,5.0,5.0,3.0,3.0,4.0,3.0,,6.0,6.0,6.0,5.0,6.0,6.0,6.0,6.0,3.0,1.0
P148,1,sweet,6,6,6,1,sweet,0,D040,Apple Pie Filling,sweet,good,0.0701201,23.4201,90.0,6.0,5.0,6.0,5.0,20.0,10.0,98.0,,47.92737078666687,1,7.0,5.0,7.0,7.0,40.0,30.0,80.0,39.9298799,6.579899999999999,10.0,0,6.0,7.0,7.0,7.0,6.0,6.6,6.0,,6.0,6.0,6.0,5.0,7.0,7.0,6.0,6.0,3.0,1.0
P149,1,lower-calorie,6,5,7,0,,0,D007,Red Bliss Potato Salad with Gorgonzola and Walnuts,sweet,good,7.24339,14.596,132.0,6.0,5.0,7.0,7.0,10.0,20.0,500.0,,13.599805116653442,1,7.0,5.0,7.0,7.0,10.0,20.0,500.0,2.75661,5.404,368.0,0,5.0,5.0,5.0,4.0,4.0,4.6,4.0,,7.0,7.0,7.0,6.0,7.0,7.0,6.0,7.0,3.0,1.0
P150,1,savory|lower-fat|lower-carb,5,5,4,3,savory|lower-fat|lower-carb,0,D033,Mock Caprese Salad,savory,good,0.117039,5.14971,47.0,6.0,4.0,6.0,5.0,10.0,0.0,350.0,,100.15476989746094,1,5.0,4.0,5.0,5.0,10.0,,350.0,9.882961,,303.0,0,7.0,6.0,5.0,7.0,7.0,6.4,7.0,,6.0,6.0,6.0,5.0,6.0,6.0,6.0,6.0,3.0,1.0
P152,1,savory,6,4,7,1,savory,0,D034,Au Gratin-Pumpkin Layered Casserole,savory,good,6.68238,4.81959,106.0,4.0,4.0,3.0,4.0,30.0,45.0,670.0,,46.448894739151,1,4.0,4.0,4.0,4.0,40.0,60.0,600.0,33.31762,55.18041,494.0,0,2.0,4.0,2.0,4.0,3.0,3.0,3.0,,6.0,6.0,6.0,5.0,7.0,7.0,6.0,6.0,3.0,1.0
P153,1,lower-calorie,6,6,7,0,,0,D025,Sweet and Nutty Pork Chops,savory,good,9.86798,12.592,204.0,1.0,2.0,1.0,1.0,40.0,15.0,500.0,,97.101056098938,1,1.0,1.0,1.0,1.0,40.0,15.0,500.0,30.13202,2.4079999999999995,296.0,0,7.0,7.0,7.0,7.0,7.0,7.0,7.0,,7.0,7.0,7.0,7.0,7.0,7.0,7.0,7.0,3.0,1.0
P155,1,lower-calorie,6,6,7,1,lower-calorie,0,D063,Orange Beef Kabobs with Grilled Fruit,savory,bad,5.16081,7.90019,102.0,5.0,5.0,6.0,5.0,12.0,16.0,305.0,,41.11185121536255,1,5.0,4.0,6.0,5.0,12.0,16.0,305.0,6.83919,8.09981,203.0,0,7.0,7.0,6.0,2.0,2.0,4.8,6.0,,1.0,2.0,4.0,1.0,1.0,1.0,1.0,1.0,3.0,1.0
P156,1,savory|lower-fat,5,5,7,2,savory|lower-fat,0,D069,Turkey Tom Kha Gai,savory,bad,4.22722,2.07403,70.0,6.0,5.0,6.0,7.0,15.0,50.0,300.0,,41.82657051086426,1,5.0,4.0,5.0,6.0,40.0,60.0,400.0,35.77278,57.92597,330.0,0,2.0,2.0,2.0,1.0,1.0,1.6,1.0,,2.0,2.0,4.0,2.0,1.0,1.0,1.0,1.0,3.0,1.0
P157,1,lower-carb,4,5,6,1,lower-carb,0,D060,Carrot Casserole,savory,bad,11.252,10.5659,151.0,7.0,5.0,6.0,7.0,26.0,13.0,50.0,,41.411853551864624,1,4.0,3.0,4.0,5.0,40.0,35.0,105.0,28.748,24.4341,46.0,0,1.0,2.0,3.0,2.0,2.0,2.0,3.0,,1.0,2.0,2.0,1.0,1.0,1.0,1.0,1.0,3.0,1.0
P158,1,lower-carb|savory|sweet,5,4,7,2,lower-carb|sweet,0,D050,Whole Grain Barley and Apple Porridge,sweet,bad,3.92033,10.4542,79.0,6.0,5.0,6.0,7.0,35.0,25.0,210.0,,76.37225675582886,1,5.0,4.0,5.0,6.0,45.0,30.0,220.0,41.07967,19.5458,141.0,0,2.0,1.0,3.0,2.0,1.0,1.8,2.0,,2.0,3.0,2.0,2.0,1.0,1.0,2.0,1.0,3.0,1.0
P159,1,lower-carb|lower-calorie|lower-fat|sweet|savory,6,6,7,1,sweet,0,D002,Bourbon Wieners,sweet,good,16.7136,19.6039,290.0,5.0,3.0,4.0,5.0,20.0,25.0,80.0,,72.81876063346863,1,5.0,4.0,5.0,6.0,10.0,20.0,70.0,6.7136,0.3961000000000005,220.0,0,6.0,5.0,5.0,7.0,6.0,5.8,6.0,,6.0,6.0,6.0,6.0,7.0,7.0,6.0,6.0,3.0,1.0
P160,1,savory|sweet,6,5,7,1,sweet,0,D026,White Chocolate and Passion Fruit Cheesecake,sweet,good,24.3086,22.4598,325.0,5.0,4.0,5.0,7.0,,0.0,0.0,,138.44050765037537,1,4.0,4.0,4.0,7.0,0.0,0.0,0.0,24.3086,22.4598,325.0,0,5.0,7.0,6.0,7.0,6.0,6.2,5.0,The dialog seemed a bit stiff,6.0,6.0,6.0,5.0,7.0,7.0,6.0,6.0,3.0,1.0
P161,1,savory|sweet|lower-fat,6,5,6,2,savory|lower-fat,0,D033,Mock Caprese Salad,savory,good,0.117039,5.14971,47.0,7.0,5.0,6.0,3.0,0.0,10.0,200.0,,125.58194208145142,1,7.0,5.0,6.0,4.0,0.0,10.0,100.0,0.117039,4.85029,53.0,0,6.0,6.0,6.0,7.0,7.0,6.4,7.0,,6.0,6.0,6.0,5.0,6.0,6.0,6.0,6.0,3.0,1.0
P163,1,lower-fat|lower-calorie|sweet,4,4,5,3,lower-fat|lower-calorie|sweet,0,D040,Apple Pie Filling,sweet,good,0.0701201,23.4201,90.0,7.0,5.0,7.0,7.0,3.0,40.0,150.0,,53.0576536655426,1,7.0,4.0,7.0,7.0,1.0,50.0,200.0,0.9298799,26.5799,110.0,0,1.0,1.0,1.0,1.0,1.0,1.0,1.0,,6.0,6.0,6.0,5.0,7.0,7.0,6.0,6.0,3.0,1.0
P164,1,lower-calorie,5,5,7,1,lower-calorie,0,D037,Carrot and Sweet Potato Tzimmes,savory,good,0.223501,20.6962,83.0,3.0,2.0,1.0,1.0,2.0,30.0,200.0,There aren't quantities of the ingredients so I'm not sure how large 1 serving is. I rated this low because I would not like the taste,52.71921396255493,1,3.0,1.0,1.0,1.0,1.0,30.0,200.0,0.776499,9.3038,117.0,0,2.0,4.0,1.0,7.0,3.0,3.4,1.0,,6.0,6.0,6.0,5.0,7.0,7.0,6.0,6.0,3.0,1.0
P166,1,lower-carb,6,6,7,1,lower-carb,0,D065,Minted Marinated Zucchini,savory,bad,5.97775,3.26059,65.0,5.0,3.0,4.0,6.0,15.0,25.0,150.0,,17.89251446723938,1,4.0,4.0,5.0,5.0,25.0,50.0,250.0,19.02225,46.73941,185.0,0,3.0,3.0,4.0,3.0,3.0,3.2,3.0,,2.0,3.0,2.0,2.0,1.0,1.0,2.0,1.0,3.0,1.0
P167,1,savory|sweet|lower-fat,6,7,7,2,savory|lower-fat,0,D032,Cuban-Style Pork and Sweet Potatoes,savory,good,3.494,9.83363,96.0,6.0,5.0,5.0,5.0,10.0,30.0,250.0,,35.0477991104126,1,6.0,4.0,6.0,5.0,10.0,30.0,250.0,6.506,20.16637,154.0,0,6.0,6.0,5.0,7.0,5.0,5.8,5.0,,6.0,6.0,6.0,5.0,7.0,7.0,6.0,6.0,3.0,1.0
P168,1,lower-fat|savory,6,6,6,2,lower-fat|savory,0,D035,Minted Marinated Zucchini,savory,good,5.97775,3.26059,65.0,5.0,3.0,3.0,2.0,20.0,1.0,10.0,it‘s kind of unnecessarily hard to imagine one zucchini being 32 servings and calculating the calories and oil per serving,221.93373894691467,1,5.0,4.0,4.0,2.0,1.0,3.0,10.0,4.97775,0.2605900000000001,55.0,0,5.0,6.0,3.0,7.0,4.0,5.0,4.0,,6.0,6.0,6.0,5.0,7.0,7.0,6.0,6.0,3.0,1.0
